{"epoch": 1999, "_step": 1999, "global_step": 2000, "epoch_loss": -1.8201196193695068, "epoch_episode_reward": 200.0, "_timestamp": 1601816926.4334948, "_runtime": 119.57214784622192}
