{"global_step": 2000, "_runtime": 130.73374342918396, "epoch_loss": 0.6758443117141724, "_timestamp": 1601817131.615495, "_step": 1999, "epoch_episode_reward": 200.0, "epoch": 1999}
